day_of_outbreak,date,reported_incidence,incidence_mean,incidence_lower,incidence_upper,reproduction_number_mean,reproduction_number_lower,reproduction_number_upper,suitability_mean,suitability_lower,suitability_upper,rep_no_factor_mean,rep_no_factor_lower,rep_no_factor_upper,additional_case_prob
0,2017-06-26,2.0,2.0,2.0,2.0,2.7856204448766975,0.7508812943218631,7.303104044294566,0.7158913839020172,0.6184421728938041,0.812949975430953,3.8964280052184184,1.0503280167057316,10.158732034837536,1.0
1,2017-06-27,2.0,2.00015625,2.0,2.0,2.960535917793282,0.8274444356411266,7.587878758615772,0.7444913245175968,0.6483499847312892,0.8421071118847383,3.982611197539558,1.1151004788164203,10.067037089824131,0.936991284782931
2,2017-06-28,2.0,2.0000625,2.0,2.0,2.9271399864720964,0.8559536740144728,7.328235388523493,0.7712880159512342,0.6740088996976014,0.8689255050430187,3.8011276565043746,1.1068597813446734,9.524605569930726,0.993323375757316
3,2017-06-29,0.0,0.002875,0.0,0.0,2.6977824213762682,0.8292837138834912,6.558964902023256,0.7972671687589358,0.7005688732017672,0.8946532645551787,3.3894825398278896,1.0396127101775292,8.254169201014225,0.9990419345591072
4,2017-06-30,0.0,0.00909375,0.0,0.0,2.4786460904858685,0.7973618885544174,5.808268133662381,0.8211029832232564,0.7237582549556884,0.9189111547246593,3.0235969741988065,0.9770990685671407,7.058210098874101,0.9990378643581594
5,2017-07-01,0.0,0.0296875,0.0,1.0,2.2755173858571403,0.7677746443818864,5.131292082506739,0.8437497381788402,0.7456827782632673,0.9413054457525823,2.701050301523617,0.9108310362092251,6.086441917251029,0.9990190634693635
6,2017-07-02,0.0,0.0603125,0.0,1.0,2.094500236544378,0.7410316983913419,4.536812546944234,0.8657848693150657,0.7679162970326237,0.9639601244496131,2.4230562094695403,0.8571616177093855,5.285144475111258,0.9989700660777993
7,2017-07-03,0.0,0.1203125,0.0,1.0,1.9339649731837183,0.7241773575369694,4.019712878007096,0.8862223049458045,0.7888022355958997,0.9850778855636042,2.1857837690121014,0.8179837859379675,4.512262187336974,0.9988579238430294
8,2017-07-04,0.0,0.1855625,0.0,1.0,1.8007500952508944,0.7059858958413905,3.641522429097731,0.9045496273663329,0.8078091826070604,0.9999766713127549,1.9938900125572754,0.7759013361548706,4.038744214134764,0.9986542804107346
9,2017-07-05,1.0,1.2498125,1.0,2.0,1.6971830660784366,0.686364547889951,3.3382481626143314,0.9208645118584002,0.8244989879475385,0.9999999999987185,1.845872924757636,0.7434057382166729,3.621504421779564,0.9983095751397429
10,2017-07-06,0.0,0.2810625,0.0,2.0,1.569825245140034,0.6563878782896505,3.025469635834564,0.9353764283211775,0.8401642840430593,1.0,1.680555014061581,0.7022723581115309,3.2261030418342065,0.9993470719505868
11,2017-07-07,0.0,0.34678125,0.0,2.0,1.474010048624073,0.6388960498408515,2.7727867379065225,0.94747255660586,0.8540373602245097,1.0,1.557832822994518,0.6769178309473322,2.9265260518006,0.9991174867902987
12,2017-07-08,0.0,0.348125,0.0,2.0,1.4069409842773448,0.6249224813854627,2.6305279824290126,0.9572838547742373,0.8659394616673883,1.0,1.4715417213875872,0.651707426083793,2.749964944656229,0.9988179568609755
13,2017-07-09,0.0,0.347375,0.0,2.0,1.3637209359209868,0.6166429124713608,2.5307590340027293,0.9652957323598851,0.8772422041720789,1.0,1.4143230984482347,0.6374692557725908,2.6361600748275045,0.9984683733735129
14,2017-07-10,0.0,0.35884375,0.0,2.0,1.3401590123440228,0.6147858282514272,2.4640397980706394,0.9714553684754651,0.8870437394380705,1.0,1.3808378211539893,0.6344068027063375,2.5493069646870636,0.9980257650344524
15,2017-07-11,0.0,0.33209375,0.0,2.0,1.332873582692234,0.6181619733783734,2.448769276599048,0.9760618006917323,0.893690154683488,1.0,1.3667359154538108,0.6318112619847234,2.5105841491002288,0.9976089383581873
16,2017-07-12,0.0,0.31709375,0.0,2.0,1.342833572239146,0.625312607788919,2.4622770319965133,0.9791966852384922,0.9002961410853441,1.0,1.372432387678985,0.6387177310982298,2.519174385384376,0.9971132557530858
17,2017-07-13,0.0,0.3031875,0.0,2.0,1.370521427249198,0.6381419019737766,2.5321829070741986,0.9813804560369568,0.904430073675361,1.0,1.397598727788492,0.6497757911176719,2.5838322033776926,0.9965752754569317
18,2017-07-14,0.0,0.2716875,0.0,2.0,1.4139967889622223,0.6574519706980927,2.628374418862045,0.982935925162476,0.9080785623780118,1.0,1.4395597178372568,0.6667559502819629,2.670137545134374,0.9959822744957425
19,2017-07-15,1.0,1.28728125,1.0,3.0,1.4798688019925217,0.6858741008901147,2.7474770360504683,0.9842235991409455,0.9104885500777162,1.0,1.5046319431791382,0.6960096814809401,2.796547576841533,0.9951447306944652
20,2017-07-16,0.0,0.25753125,0.0,2.0,1.5155395113095131,0.7015404776961801,2.840520965386462,0.984559408147765,0.9115657071291515,1.0,1.5404768312931627,0.710828066029649,2.8860867074438437,0.999159021191331
21,2017-07-17,0.0,0.24521875,0.0,2.0,1.56947591717823,0.7228025997104426,2.9356739619646377,0.9847703460497308,0.9125441858020947,1.0,1.5949423826381028,0.7332523297604003,2.9879281050283466,0.9990021128676797
22,2017-07-18,1.0,1.25003125,1.0,3.0,1.648851083385255,0.7527691854072536,3.1033248826922324,0.9845138952032899,0.9112932600318095,1.0,1.676071124887122,0.7665722754616103,3.1686512494579757,0.9987674538887745
23,2017-07-19,0.0,0.2495,0.0,2.0,1.697976569137438,0.7733035028262337,3.2086384878703478,0.9839476100176292,0.9094988465090228,1.0,1.7270956842434804,0.782339788466952,3.273797690652955,0.999786240219398
24,2017-07-20,1.0,1.25290625,1.0,3.0,1.7701755934213415,0.8019621614266493,3.366107545361612,0.9831954507049668,0.9085978688210035,1.0,1.801906791043953,0.8136675614293852,3.4284854074418756,0.9997415800001883
25,2017-07-21,0.0,0.26228125,0.0,2.0,1.810747006690613,0.8219024550762051,3.4588289337498614,0.9817255870625595,0.9053981396209541,1.0,1.8460998931846855,0.8342127369920463,3.5275778845485872,0.9999541621565868
26,2017-07-22,1.0,1.27865625,1.0,3.0,1.8754101622948431,0.8452071254477879,3.594143986120403,0.9800874699577978,0.9024750226320531,1.0,1.9152135708927263,0.8634605825405822,3.6661011233267904,0.9999450717643262
27,2017-07-23,0.0,0.32609375,0.0,2.0,1.907247121028835,0.8673755709352796,3.6351650412392087,0.9780890445904151,0.8981824000416356,1.0,1.9517673089314909,0.8885199559025807,3.7287966445187535,0.9999901347615479
28,2017-07-24,1.0,1.35325,1.0,3.0,1.9728730922716484,0.9059105785827574,3.747933750123937,0.9760672902372735,0.8941647064182469,1.0,2.0232965384354844,0.9266635711888046,3.8575411620200604,0.9999882284308076
29,2017-07-25,1.0,1.383375,1.0,3.0,2.000122674922101,0.9237846792248852,3.7929780824493893,0.9738646388341726,0.8909651528538075,1.0,2.0561552225153985,0.9478141910788993,3.9067462324485542,0.9999979848026237
30,2017-07-26,0.0,0.42459375,0.0,2.0,1.9924464323770834,0.9291955648572836,3.7163681634162438,0.9709810346501271,0.8866825096046449,1.0,2.0544625168544117,0.9551574378630521,3.8320869338183314,0.9999996759939255
31,2017-07-27,1.0,1.42625,1.0,3.0,2.022072082730013,0.9614144449126301,3.732819575131839,0.9678976538422189,0.8820544551264838,1.0,2.0918107544015303,0.9890054421831646,3.8741923886537037,0.999999628587277
32,2017-07-28,1.0,1.45171875,1.0,3.0,2.0337651304213393,0.9853167701553522,3.7333733106849536,0.9650612411441657,0.8780789567520091,1.0,2.1101065680204614,1.0153676258391868,3.8734709640143676,0.9999999432767868
33,2017-07-29,0.0,0.46953125,0.0,2.0,2.0246161610227613,0.9996666816964764,3.6626014650037613,0.9625428158911227,0.8746732798243569,1.0,2.10614095222058,1.0348227367273894,3.824586216959648,0.9999999905089176
34,2017-07-30,1.0,1.5083125,1.0,3.0,2.0706631042079144,1.0365234620711543,3.6795238611814938,0.9603280811681341,0.872038270616994,1.0,2.1590979306028784,1.0734616736159308,3.8481418917078734,0.9999999859830957
35,2017-07-31,0.0,0.58071875,0.0,3.0,2.100400562995742,1.0648635295598021,3.7158245884432115,0.9577017845886299,0.8684589482937699,1.0,2.1962771967953376,1.1102739826797643,3.8869049434996388,0.99999999762476
36,2017-08-01,0.0,0.62471875,0.0,3.0,2.1959445129087514,1.1281396367811134,3.8425502195450063,0.9551805204558103,0.864859330557318,1.0,2.3024135935206895,1.180300211796582,4.05102873291624,0.9999999968535743
37,2017-08-02,3.0,3.75725,3.0,6.0,2.369451933957177,1.2262327287328525,4.114325112160211,0.9530003099389589,0.8627281879868225,1.0,2.490189572467267,1.280108788549611,4.33768700075981,0.9999999954245586
38,2017-08-03,2.0,2.85403125,2.0,5.0,2.4111399998490435,1.2572883348115826,4.122564578902106,0.9511658509350699,0.8603275992028354,1.0,2.5388358987773034,1.3230207585313383,4.368587948073935,0.9999999999948186
39,2017-08-04,1.0,1.914625,1.0,4.0,2.3776612416008347,1.2532343693594028,4.045950349322982,0.9494234926174259,0.8576176298990509,1.0,2.5082995022272185,1.318811670700214,4.2632946787669805,0.9999999999999272
40,2017-08-05,1.0,1.94290625,1.0,4.0,2.3600648054225655,1.26046279837783,3.995323558887145,0.9479900109669314,0.8560856749860097,1.0,2.4935212546252434,1.3293008880460635,4.23310389893487,0.9999999999999857
41,2017-08-06,1.0,1.99,1.0,4.0,2.3631159605848366,1.2706176165095857,3.989896828282138,0.9471025219411684,0.8549856259722531,1.0,2.4990534420756445,1.3379299739235289,4.237352626821436,0.9999999999999971
42,2017-08-07,1.0,2.09946875,1.0,5.0,2.3860281269536587,1.2879679860122717,4.012458935391392,0.9466096631311498,0.8546644193328486,1.0,2.5245140644379034,1.3599947608213514,4.259588506806538,0.9999999999999998
43,2017-08-08,3.0,4.2038125,3.0,7.0,2.433758209035973,1.3245750190026944,4.064810790348586,0.9466012059312249,0.8543374844671425,1.0,2.5751153204662365,1.3921714414988082,4.311122580524262,1.0
44,2017-08-09,0.0,1.25903125,0.0,4.0,2.352257911194984,1.2927167459608568,3.872023990592494,0.946870050290891,0.8542560101485438,1.0,2.488432575586095,1.362916790479804,4.106502494856829,1.0
45,2017-08-10,1.0,2.36975,1.0,5.0,2.3903252913687716,1.3358255007544655,3.916161419348819,0.9476648486551322,0.8554658093137186,1.0,2.5264992268767092,1.4019955697665556,4.153089838034826,1.0
46,2017-08-11,1.0,2.53665625,1.0,6.0,2.4904582938185373,1.412915215241126,4.034577204625745,0.9490897555498934,0.8582798100876374,1.0,2.6282626599632275,1.4845072568212403,4.266502308475761,1.0
47,2017-08-12,4.0,5.70946875,4.0,9.0,2.683548338551472,1.5584013277461104,4.273575351481333,0.9510775326693972,0.8602254708967767,1.0,2.8261505465053043,1.628919929018107,4.51350097140111,1.0
48,2017-08-13,3.0,4.82453125,3.0,8.0,2.746372456658134,1.6041908249783912,4.361769635225419,0.9531655447533552,0.862814914911635,1.0,2.886188050361947,1.6755234435196855,4.608266048129248,1.0
49,2017-08-14,3.0,4.91834375,3.0,8.0,2.776802365675561,1.6475524817279377,4.367060405601179,0.9555661511503097,0.8656818802076436,1.0,2.910639987293326,1.7197558212362203,4.595952651929398,1.0
50,2017-08-15,2.0,4.0276875,2.0,7.0,2.8182940010446726,1.6862140801433656,4.38365397716966,0.9583001204664086,0.8697709789716694,1.0,2.9455105666279833,1.7501474043266545,4.622322275472959,1.0
51,2017-08-16,4.0,6.26403125,4.0,10.0,2.993502682115426,1.8164856836438077,4.622507821750995,0.9613532118999077,0.8740706230586018,1.0,3.1183975515069124,1.8847237558913665,4.840163457083302,1.0
52,2017-08-17,4.0,6.56928125,4.0,10.0,3.1628984461087772,1.9291746317236165,4.812235351245698,0.964601099666483,0.878163435086294,1.0,3.283471323752324,2.0032962656966253,5.036108713628426,1.0
53,2017-08-18,8.0,10.930625,8.0,15.0,3.376707826600831,2.09701529138879,5.0843180829672905,0.9673673283493193,0.8824017840916552,1.0,3.4949644976300314,2.160576490210312,5.2865310614995105,1.0
54,2017-08-19,5.0,8.09171875,5.0,12.0,3.2437844364052486,2.02657114848233,4.863351502962725,0.9700472781062536,0.8865064599270202,1.0,3.34796449563583,2.087145559438884,5.040464051951837,1.0
55,2017-08-20,8.0,11.30896875,8.0,15.0,3.123573804231612,1.968452160984766,4.676372752035344,0.9730520469163186,0.8910226055748643,1.0,3.213527654486575,2.0165816987954437,4.841801406667284,1.0
56,2017-08-21,5.0,8.31225,5.0,13.0,2.7369300380667596,1.714090695622705,4.086328898056588,0.9759995616182161,0.8960249411670149,1.0,2.807148350886256,1.750098949797115,4.210079797315357,1.0
57,2017-08-22,4.0,7.2251875,4.0,11.0,2.3989941696847006,1.5162250663722976,3.5994456047483885,0.9786270681801086,0.9005294517546006,1.0,2.45365265249185,1.5430260121646784,3.698728146128982,1.0
58,2017-08-23,5.0,8.30678125,5.0,12.0,2.1593445303994043,1.3693545619133083,3.21515413913778,0.9807508616508955,0.9041810565568051,1.0,2.203615297236715,1.3885999046336979,3.2842397113725403,1.0
59,2017-08-24,7.0,10.35565625,7.0,15.0,1.9290451427002082,1.2286975464077674,2.8689915323428967,0.9827227709382528,0.9083778687039391,1.0,1.9644231324249233,1.2480921411205987,2.930045199197464,1.0
60,2017-08-25,2.0,5.13778125,2.0,9.0,1.5933415839629261,1.0107707869729807,2.3622599022520556,0.9844338241870841,0.9124407973483301,1.0,1.619600730379234,1.0247528334663345,2.41186994004039,1.0
61,2017-08-26,1.0,4.1605625,1.0,8.0,1.4281573709682842,0.9077286492011578,2.1115940197380403,0.9860048299240941,0.9161058822455879,1.0,1.4492690989103372,0.9159196998130938,2.1483870441489676,1.0
62,2017-08-27,8.0,11.47996875,8.0,16.0,1.4337055015237974,0.9164812035987052,2.1124042706072927,0.9873753942974913,0.9190644777817318,1.0,1.4528466943724534,0.926124483466197,2.1429512032691145,1.0
63,2017-08-28,2.0,5.42775,2.0,10.0,1.290274302058053,0.8319223708162643,1.901641182721394,0.9881489092284541,0.9219364272089543,1.0,1.3064214451567417,0.839561760264818,1.9276708014567523,1.0
64,2017-08-29,4.0,7.58509375,4.0,12.0,1.2750025862367116,0.8261088177787355,1.8662255276956337,0.9887048890285361,0.9233813705592603,1.0,1.2901832197145426,0.8344542566410191,1.8943140522417903,1.0
65,2017-08-30,2.0,5.82696875,2.0,10.0,1.3061113289979296,0.8592271936081396,1.8906906599353879,0.989007874003284,0.9245409529412166,1.0,1.3212391915862478,0.8668871254239263,1.9166602132359607,1.0
66,2017-08-31,9.0,13.49103125,10.0,19.0,1.5088842780291227,0.9970304624742724,2.1611210611705314,0.98920333601934,0.9251772343490008,1.0,1.5260932375540943,1.0058144467688874,2.1935765157361238,1.0
67,2017-09-01,8.0,12.9064375,9.0,18.0,1.6133685457777145,1.0784226989213699,2.2992890387655596,0.9890912977978047,0.924729813913958,1.0,1.6319386340083257,1.0877254738830877,2.329549924056871,1.0
68,2017-09-02,8.0,13.11328125,9.0,18.0,1.6857809347041341,1.13339373351188,2.392987332304097,0.9881157900337834,0.9222905550476184,1.0,1.706921603981706,1.1465785492715959,2.425504518724812,1.0
69,2017-09-03,7.0,12.3049375,8.0,18.0,1.7519289558316913,1.189474492606541,2.4798325724745323,0.9871306480496248,0.9191250738878037,1.0,1.7758008529870946,1.203840706426706,2.5149279468213264,1.0
70,2017-09-04,9.0,14.8075,10.0,21.0,1.895885296969855,1.2964386200522224,2.6683339802600075,0.9853242972518559,0.915420298381601,1.0,1.9254024252919162,1.3118433431028411,2.713934612552628,1.0
71,2017-09-05,12.0,18.1804375,14.0,24.0,2.036854517716652,1.4002999134269294,2.8471974083224336,0.9822954232098005,0.9088944174397611,1.0,2.0751687135209176,1.4208397699816282,2.911996344354164,1.0
72,2017-09-06,12.0,18.22453125,14.0,24.0,2.010305583897328,1.383835319138877,2.804729961856103,0.9778627886516008,0.9008414799862493,1.0,2.0577310951592818,1.4076184477815172,2.873353638168533,1.0
73,2017-09-07,7.0,12.80290625,8.0,18.0,1.8185132671139719,1.2503619972899318,2.5436665558330778,0.9712482396308645,0.8902799457817928,1.0,1.8745161392509861,1.280812615067678,2.6329306776336994,1.0
74,2017-09-08,12.0,17.8753125,14.0,24.0,1.7504886895041025,1.1971634576834702,2.455755043980563,0.9627431952951491,0.8780955247041927,1.0,1.8207167438104848,1.238499342079543,2.5713918108225395,1.0
75,2017-09-09,2.0,7.28525,3.0,13.0,1.5030929293532023,1.0236885976906696,2.115231220054244,0.9511718520824342,0.863207683563707,1.0,1.5829825777698163,1.0673087455364758,2.255399986348684,1.0
76,2017-09-10,15.0,20.91796875,16.0,26.0,1.579543588861807,1.073312138028316,2.2096301721272122,0.9374181050040081,0.8472881724967508,0.9999999999999997,1.6883255657171286,1.1366667216100206,2.385733835474797,1.0
77,2017-09-11,11.0,16.3920625,12.0,22.0,1.348245904935723,0.9172840071555842,1.8955792353653793,0.9205631420995308,0.8292009641780264,0.9999999768384238,1.4677861072249108,0.9887199763811005,2.0814050391906185,1.0
78,2017-09-12,5.0,9.475375,6.0,14.0,1.047311153695878,0.7045653700420791,1.4840111800268452,0.900814346031517,0.8088173248621666,0.9908702687471329,1.1654258468196073,0.7752287975596698,1.671964302698886,1.0
79,2017-09-13,4.0,7.909375,5.0,13.0,0.8655436281879184,0.5785853679804601,1.237245812645337,0.8788428995983162,0.7874095427044441,0.9688324739345534,0.9874052733665432,0.6517130682058531,1.428247843448534,1.0
80,2017-09-14,2.0,5.69165625,2.0,10.0,0.7692202340449481,0.5119092872776698,1.1038210600138751,0.8553747595607369,0.7636046524243847,0.9453076389991716,0.9017970508300626,0.5924255571877526,1.3087708579444297,1.0
81,2017-09-15,4.0,7.9386875,4.0,13.0,0.7760676100237828,0.5164511584777057,1.1093081371495823,0.8316153178795549,0.7405641794311164,0.9209483764422343,0.9359375394583447,0.6157126007150133,1.3558653992658714,1.0
82,2017-09-16,7.0,11.32553125,8.0,16.0,0.837737607594004,0.5582755028205985,1.1884076505562018,0.8065294282271477,0.7159980760636794,0.8959408098441818,1.041958127132934,0.6832367065922726,1.5002033522720077,1.0
83,2017-09-17,13.0,17.8440625,14.0,23.0,0.8988473807116991,0.6014703501490645,1.2767693999800458,0.7791101679890347,0.6892153256379242,0.868787333595884,1.1575055552333757,0.7607160221755215,1.6712927833050621,1.0
84,2017-09-18,6.0,10.3895,7.0,15.024999999997817,0.7979158269718379,0.5332917582764618,1.137176127999555,0.7501800629423233,0.6603317107768654,0.8393623132222188,1.067445308016396,0.702519622445789,1.5440997635090992,1.0
85,2017-09-19,8.0,11.9655625,9.0,17.0,0.7252188723927601,0.4775673322947587,1.0431260749836695,0.7198890420845165,0.6303529154614899,0.8092974897770934,1.0113218716445598,0.6548078499128953,1.4816188357045488,1.0
86,2017-09-20,4.0,7.33778125,4.0,12.0,0.6151222915373887,0.3994847518389384,0.8983318989967739,0.687622205501452,0.5986956822069422,0.7772895482417662,0.898283255814741,0.5736671271357594,1.33170427394939,1.0
87,2017-09-21,5.0,7.846375,5.0,12.0,0.5393558882471837,0.34312332095823306,0.8007978447811612,0.6555016052430449,0.5669443183128223,0.7448117457504094,0.8265159195816304,0.5160780488849506,1.2469249888520608,0.9999999999999996
88,2017-09-22,3.0,5.356,3.0,9.0,0.459078292381757,0.28692763089848083,0.685860247004868,0.6232086755965768,0.5351073326899043,0.7123835078654156,0.740361867968314,0.4538245742546036,1.1300611020310285,0.9999999999999684
89,2017-09-23,2.0,3.97025,2.0,7.0,0.3964729755572253,0.24348323618036843,0.6017143587316106,0.5900033843407987,0.5019609895242183,0.678718646871126,0.6757481475254561,0.4066559963903517,1.0481317797032965,0.9999999999990234
90,2017-09-24,2.0,3.6779375,2.0,7.0,0.3517787363030915,0.21354103518675263,0.5403883723109734,0.5562051782339659,0.46818230507047276,0.6441023760925216,0.636328066718866,0.3756174728973553,1.000795428782252,0.9999999999811365
91,2017-09-25,0.0,1.51759375,0.0,4.0,0.3173029073890474,0.1890017267934343,0.4953867784991628,0.5229492219242978,0.43569008688218375,0.6109798543735317,0.6110146463206663,0.3532380925321049,0.9741920489533327,0.999999999815011
92,2017-09-26,1.0,2.4265,1.0,5.0,0.3086800423039708,0.180625637792986,0.4824829047981645,0.49097465939545265,0.40490555044764975,0.5779679079379411,0.6337326070981264,0.3592523692611755,1.0202677330298475,0.9999999983079604
93,2017-09-27,2.0,3.38803125,2.0,6.0,0.3109443475445518,0.18025589918705723,0.48928759783809617,0.4600004363850771,0.37404577715895576,0.5468335017622816,0.6819298535287275,0.38374125715062163,1.1086474305200629,0.9999999883446511
94,2017-09-28,3.0,4.38253125,3.0,7.0,0.31321635316752056,0.18036629333665363,0.4985596205041267,0.4295838483444735,0.34410846731026207,0.5162500823454538,0.736408635057274,0.40849738713722994,1.2115555120905506,0.9999999271005731
95,2017-09-29,1.0,2.27321875,1.0,5.0,0.30295661872019375,0.17184956483566177,0.4850089957606402,0.3994921384864555,0.3148701855070015,0.4856111613799512,0.7669048614714779,0.41880626135461724,1.2778554726754658,0.999999634643696
96,2017-09-30,3.0,4.2,3.0,7.0,0.3011917287486904,0.16922760434394846,0.4882326727328195,0.3709277817469574,0.2867094620402491,0.4566377965199855,0.8223495890815398,0.4441244817039742,1.386076741649975,0.999997962189967
97,2017-10-01,2.0,3.03825,2.0,5.0,0.28409252206514296,0.15637761571774197,0.46750979672128834,0.3425811611327807,0.25923629022953576,0.42760579705275076,0.8411573081686492,0.4429411668431218,1.4460222332825647,0.9999919010563842
98,2017-10-02,0.0,0.87928125,0.0,3.0,0.26354254984991965,0.1411747035341717,0.4403455001293872,0.31590888203629264,0.23322145697382227,0.4010776904121426,0.8478354657775385,0.43703701779577636,1.479731378829147,0.999970161485099
99,2017-10-03,0.0,0.78559375,0.0,3.0,0.25398221536689575,0.13330973377508326,0.434165082177896,0.2907868965214002,0.20885933775068544,0.3749939059204514,0.8894791734453082,0.4471167488582766,1.5869881331653959,0.9998870875269791
100,2017-10-04,1.0,1.68440625,1.0,4.0,0.25465237707830685,0.130189951196403,0.43681551889953624,0.26811322230975715,0.18770970032047216,0.3514694334865942,0.9695107967030508,0.4740270892893573,1.7495891222351443,0.9996418634129585
101,2017-10-05,2.0,2.63371875,2.0,5.0,0.2545483235189505,0.12699989578775622,0.4449616939605464,0.24666887986118968,0.16696524197070708,0.32932011252859217,1.0561717409559785,0.5030353177957092,1.9546168580087797,0.9990829957667207
102,2017-10-06,1.0,1.51953125,1.0,3.0,0.2435793670036777,0.11867790013726064,0.4310648307935772,0.22623114903155972,0.14748561293285864,0.3081428976524363,1.1056717168388286,0.5137084001351043,2.0862080713415945,0.9980924482450555
103,2017-10-07,0.0,0.4690625,0.0,2.0,0.23075331842053257,0.10790081200761856,0.4199271353671548,0.2071546833969143,0.12955705608656448,0.28846532249668566,1.1477191503163933,0.5139704990423957,2.222258675499033,0.9960975735510282
104,2017-10-08,1.0,1.39034375,1.0,3.0,0.22376225354438087,0.10069748547147821,0.41332420378454304,0.19002651942035162,0.11355174807454049,0.27040869984663757,1.2178628353630119,0.5272707611144836,2.39081748061199,0.992130844555167
105,2017-10-09,0.0,0.36040625,0.0,2.0,0.2131534000620067,0.09246230240709667,0.40110236671023836,0.17403495025548443,0.09841899155262358,0.2549649765567731,1.2722520395204135,0.5355503318600161,2.5435556832394606,0.9868507347586187
106,2017-10-10,1.0,1.299375,1.0,3.0,0.2077345595792016,0.08712121284672841,0.3994485832873626,0.1602243770894409,0.08666466164124854,0.24028324420378844,1.3520408063289342,0.5510490600028439,2.779049350101896,0.9775414913569559
107,2017-10-11,0.0,0.2656875,0.0,2.0,0.19851525425605843,0.08005648121813363,0.3920198568016225,0.14758603546036156,0.07565645672447686,0.22695756829169933,1.4091959932779918,0.5587373011185632,2.958320569770607,0.9675088149883527
108,2017-10-12,0.0,0.2383125,0.0,2.0,0.1936200365753628,0.07465346324268625,0.3893278198168868,0.13674593876149924,0.06606203709046454,0.2154266868563105,1.4899132497885985,0.571313302988779,3.1848229897484117,0.9508434944955941
109,2017-10-13,0.0,0.21775,0.0,1.0,0.19192519304037442,0.07131461522441959,0.39251326594293495,0.1275442020957158,0.05848244583452582,0.20500980908010266,1.5901758311517071,0.5942410982842777,3.437543435137392,0.9289443750648448
110,2017-10-14,1.0,1.1956875,1.0,2.0,0.19339655969651026,0.06941134302817815,0.40321339279953844,0.11982068496113027,0.0533053347055631,0.19574684886832974,1.711623425560734,0.6180229562527499,3.7791128873616318,0.9007316657571387
111,2017-10-15,1.0,1.2021875,1.0,2.0,0.19072054717769854,0.06486908000345491,0.40705271538424953,0.1125891227585678,0.04767904022709166,0.1877450637171132,1.8013389276299903,0.6306442776573228,4.036518253649487,0.8799334725334217
112,2017-10-16,0.0,0.1675,0.0,1.0,0.1825456796113236,0.057712540912195937,0.4015247782116369,0.10553910982762499,0.04057044587172323,0.18058329589185984,1.8460184563349527,0.6289142538545532,4.190981863228327,0.8599566242527172
113,2017-10-17,0.0,0.1525,0.0,1.0,0.17715958176100938,0.05318983781557649,0.40105345667807796,0.09969832203132069,0.03545869454210279,0.17471940666031904,1.9032407350936633,0.630693897061922,4.363543276688852,0.82284860494544
114,2017-10-18,0.0,0.13275,0.0,1.0,0.17460874835679518,0.048658966929717724,0.40181657561238654,0.0950380109295066,0.031656417551017134,0.16958670306727178,1.9720134419371538,0.6367265142923186,4.600791534616902,0.7828611129418964
115,2017-10-19,1.0,1.12584375,1.0,2.0,0.17467138883106925,0.04638169950611142,0.410404181744236,0.09155107603955995,0.029738729628057067,0.1650726320143718,2.052883441755071,0.6444168712184881,4.900201637763483,0.7400355998736377
116,2017-10-20,0.0,0.1076875,0.0,1.0,0.1679647853062824,0.039894817126002804,0.4041667093153732,0.0872236324626444,0.024428868430905516,0.1611412541070632,2.0814475536127652,0.6385122321133645,5.097072720029505,0.7317299846493299
117,2017-10-21,0.0,0.09278125,0.0,1.0,0.1629704340804928,0.034494494416584004,0.403845666695468,0.08372020115841186,0.020140134422431694,0.15763842361130462,2.109589719336097,0.6245941083434966,5.17457395501839,0.6925769314879053
118,2017-10-22,0.0,0.07928125,0.0,1.0,0.15991841329455372,0.029519200265992983,0.40543659006978394,0.0809774781661847,0.017396659896675607,0.15480453181146928,2.1426592693234734,0.6229046487284174,5.3348197425456245,0.6538429769077999
119,2017-10-23,0.0,0.07409375,0.0,1.0,0.1589680327552569,0.027335846300823606,0.40796258317154166,0.07896584292524625,0.015767249156798637,0.15190452791663375,2.187614750152954,0.6192706564860664,5.47763630609904,0.6152499001359426
120,2017-10-24,0.0,0.0648125,0.0,1.0,0.15934149860378397,0.025888004074512843,0.4156200090038963,0.07755813430065966,0.014387027244226854,0.14990226693083303,2.2345568167632157,0.6178531664558279,5.657075601161873,0.5766798230096413
121,2017-10-25,0.0,0.0626875,0.0,1.0,0.16092375661672395,0.025327616919494176,0.42352203059551446,0.0765562235837044,0.014278423235122201,0.14887545299771374,2.2843650258804753,0.6223277408959945,5.874503867916012,0.5374864032891853
122,2017-10-26,0.0,0.05684375,0.0,1.0,0.16507020066999958,0.02633691519165778,0.44110511326435625,0.07609832093558967,0.014437810601576898,0.14813118128410857,2.351193781842775,0.6255820921705899,6.116163696274016,0.4978528945447181
123,2017-10-27,0.0,0.05140625,0.0,1.0,0.17022780711025942,0.02822712503697108,0.45824103786899967,0.07598585610538201,0.016165293912637248,0.1476046968651406,2.420493356687299,0.6233446475010372,6.303636996066987,0.4567808510621428
124,2017-10-28,0.0,0.0446875,0.0,1.0,0.17725970298285854,0.03111556144403666,0.4831489237835658,0.0763661965132371,0.018672759207805797,0.14732369380676097,2.499165896528235,0.6319354597423498,6.583237636861346,0.41439267572462996
125,2017-10-29,1.0,1.03846875,1.0,2.0,0.18586342550439575,0.035129283754757094,0.5118570639532429,0.07713000049978715,0.021219670436582776,0.14724373382707737,2.582822428258607,0.6450120080268865,6.8788321931762715,0.37044226585212053
126,2017-10-30,0.0,0.03328125,0.0,1.0,0.1839508310150341,0.031434453078139246,0.5165191248022045,0.07605859291857049,0.01885928218415024,0.14743904394162616,2.590207925898022,0.6353498399274582,7.042238743700885,0.4013232587836172
127,2017-10-31,0.0,0.02665625,0.0,1.0,0.1825689440111319,0.02925305443058414,0.5219639828349072,0.07521667626205444,0.017238033764623552,0.14719415252702972,2.5968573492423377,0.6257351377962818,7.071270542302008,0.3643417476590824
128,2017-11-01,0.0,0.0239375,0.0,0.0,0.18249424216374574,0.026986122503034515,0.5284919531803166,0.07470017432489783,0.016277855567052208,0.14714542988264429,2.6105586194819153,0.6161119022761264,7.191644785349715,0.3300527176648047
129,2017-11-02,0.0,0.022125,0.0,0.0,0.18247089518994608,0.0258360188606085,0.5345631928172307,0.07422076230807712,0.01604886804981601,0.14638532631356108,2.6232552145773798,0.6050035659872454,7.315995335775127,0.29882297919901984
130,2017-11-03,0.0,0.0195,0.0,0.0,0.1832312078466946,0.025290733647001698,0.5431874620289328,0.07391606614165307,0.01574810380805258,0.14609853283528196,2.6431273211683575,0.6044151983597391,7.385037119292058,0.2705713639249067
131,2017-11-04,0.0,0.015125,0.0,0.0,0.18436963768674738,0.026071108370737627,0.5509701309046381,0.07358958456710138,0.01648360053241321,0.14569980389366585,2.6668024263131085,0.6004608343969683,7.463203938238487,0.24431362969673892
132,2017-11-05,1.0,1.0146875,1.0,1.0,0.1868923520604716,0.027482230009421762,0.5663635806444611,0.07360642955646887,0.018045884930705997,0.1460255422217243,2.6941529339556194,0.5878971800571934,7.609203953314716,0.21901327753427965
133,2017-11-06,0.0,0.01415625,0.0,0.0,0.1771102912558166,0.019574463242277282,0.5484092336937506,0.07136549232306663,0.012402874836393928,0.14525293420136262,2.639211365257235,0.57582512829956,7.5854593018418,0.2650593876023297
134,2017-11-07,0.0,0.01134375,0.0,0.0,0.1675859873309171,0.012486840703656582,0.5325208395670135,0.06917226982249454,0.006920836351600417,0.14439665391233578,2.5834819258437594,0.5599698273375663,7.488777543517508,0.24397407134764307
135,2017-11-08,0.0,0.0093125,0.0,0.0,0.159265996524749,0.004725653473765781,0.525280475952887,0.06718954277570628,0.002522872946553753,0.1433177010806504,2.5322850443831033,0.5399160439686538,7.426780819507504,0.22395253958801686
136,2017-11-09,0.0,0.00796875,0.0,0.0,0.15207319542520611,0.0002665088637920741,0.5107081406296676,0.06523742397090344,0.00010399251230477184,0.14216650805177608,2.490783301197268,0.5212252229731289,7.290983710650817,0.20496317204278477
137,2017-11-10,0.0,0.00759375,0.0,0.0,0.14499496978213647,4.4460850894645325e-06,0.500183193678553,0.06341365799926381,2.052288060850056e-06,0.14120157050372703,2.4481054596610203,0.49679406270762133,7.2651570441552265,0.18692584435924653
138,2017-11-11,0.0,0.0064375,0.0,0.0,0.1388899288357067,2.9985623328731287e-07,0.4865256438872194,0.06181697041993884,1.2128808860517258e-07,0.14024935737722175,2.40892529526413,0.4836415198860397,7.262525114888316,0.16969313046564774
139,2017-11-12,0.0,0.00871875,0.0,0.0,0.13302603005157984,5.2551560671817616e-08,0.47332702975517965,0.06028156211983902,1.1834318869614383e-08,0.1394202605305833,2.3715495960677133,0.46616626553099627,7.12581015548626,0.15277987436491686
140,2017-11-13,0.0,0.00721875,0.0,0.0,0.12756432922359026,3.5728557183513125e-08,0.45958928079478284,0.05877916503017708,1.012601471031591e-08,0.1390604711468846,2.3364642805243783,0.45673136203932246,7.105685889357153,0.13627068919541674
141,2017-11-14,0.0,0.0089375,0.0,0.0,0.12258665461101924,2.7215859912258334e-08,0.45017623992831607,0.05737582014733263,1.0005517170367699e-08,0.13734278881333986,2.2988024490809305,0.4406683137916751,7.07195785972416,0.1197840978074262
142,2017-11-15,0.0,0.00665625,0.0,0.0,0.11796968399629566,2.2740348716005453e-08,0.4389669088569838,0.05607012883645911,1.0000297935545982e-08,0.13726593956517932,2.263430500284061,0.4289245029251151,6.939464592470958,0.10385316906148663
143,2017-11-16,0.0,0.006125,0.0,0.0,0.11423660012781249,1.9918088505267202e-08,0.4354929868688035,0.05486659114478314,1.0000021688180448e-08,0.1372533374811345,2.2384122769181154,0.42485743913421475,6.953158006692995,0.08839823247838302
144,2017-11-17,0.0,0.0081875,0.0,0.0,0.1107026589790122,1.7880664650219897e-08,0.42563392574192876,0.05369544956869797,1.0000001147128351e-08,0.13583944671613088,2.216915679184847,0.4117903602122377,6.905509454710072,0.07399699575484883
145,2017-11-18,0.0,0.00465625,0.0,0.0,0.10706874237577653,1.5957238351324006e-08,0.4223544783742255,0.05245693633956781,1.0000000229370532e-08,0.13468863231273423,2.1941916666718133,0.4053567464625447,6.945248237311808,0.06119981315514669
146,2017-11-19,0.0,0.00596875,0.0,0.0,0.10433652756501129,1.4167319005932936e-08,0.4251915789590227,0.05144563121162926,1.0000000024198577e-08,0.13393083690368468,2.1726227330066283,0.39175939169668167,6.997247465184835,0.049745997374818246
147,2017-11-20,0.0,0.00634375,0.0,0.0,0.10075107358316314,1.3291059371228417e-08,0.4165477724590133,0.050330895614504156,1.0000000007194925e-08,0.13342062439935778,2.146671213502953,0.38742658800809393,6.834323100310042,0.04024069174822122
148,2017-11-21,0.0,0.00409375,0.0,0.0,0.0979324706928403,1.2125517784987037e-08,0.4122432446606421,0.0493235520040422,1.0000000003930688e-08,0.13232502666938753,2.121992160332471,0.38243359695323753,6.761619930856744,0.032473301709954015
149,2017-11-22,0.0,0.0005625,0.0,0.0,0.09484744361995294,1.1834668819401674e-08,0.40464492387770923,0.04834913483396237,1.0000000003443282e-08,0.13178594504951088,2.096138261128141,0.3711888252403924,6.703055777949053,0.026126124755677785
150,2017-11-23,0.0,0.00165625,0.0,0.0,0.09253890528061129,1.0981937192710076e-08,0.39670065918590663,0.04749336169377841,1.0000000002612706e-08,0.1315149589541867,2.0752289075063386,0.36926401219105975,6.630860963476772,0.020757394911535786
151,2017-11-24,0.0,0.0011875,0.0,0.0,0.0903073787035042,1.0298566317993272e-08,0.38721016807654596,0.0466032753797577,1.0000000001897812e-08,0.13070036408082958,2.057885791489829,0.36027139189821916,6.65352509465797,0.016622890973286068
152,2017-11-25,0.0,0.00134375,0.0,0.0,0.08820945594233377,9.865913865481794e-09,0.39153911377237344,0.04573708484610411,1.0000000001671252e-08,0.12998146093129612,2.0379679484198263,0.3546209476159653,6.557570388450023,0.013347405697512497
153,2017-11-26,0.0,0.00078125,0.0,0.0,0.08617600385633123,9.428709038001832e-09,0.38938736101316146,0.04492433551554867,1.0000000001479097e-08,0.12977834038124242,2.021413888322841,0.3443721459059476,6.559898011591548,0.010842451059041986
154,2017-11-27,0.0,0.00078125,0.0,0.0,0.0842204687261089,8.984844584287023e-09,0.38618047284315216,0.044165450106923757,1.0000000001229963e-08,0.1291692599371415,2.0028193574834248,0.33954694736674523,6.498193244691626,0.008801009110154386
155,2017-11-28,0.0,0.00021875,0.0,0.0,0.08229028910590484,8.562072717596912e-09,0.38254029510084303,0.043459535741334133,1.0000000000856044e-08,0.12877995656181465,1.9870341181753584,0.3356833751019816,6.4763118906044905,0.007212821217796997
156,2017-11-29,0.0,0.00103125,0.0,0.0,0.08042815335645102,8.165478388524983e-09,0.37478848285323524,0.04275853255329844,1.000000000063679e-08,0.12766912015100806,1.971464030420272,0.3303140691752916,6.427808825275112,0.005868801536040614
157,2017-11-30,0.0,0.00021875,0.0,0.0,0.07859040920120396,7.785226370922356e-09,0.3699939563764377,0.04204544282154363,1.0000000000333696e-08,0.12708202685478182,1.9575482092565757,0.3246420152532721,6.382985195082872,0.004890827245352662
158,2017-12-01,0.0,0.0004375,0.0,0.0,0.07664785257039937,7.555460102931103e-09,0.3665658382607419,0.04133965914684059,1.0000000000393728e-08,0.12658526499181758,1.939537793028879,0.3213836317375955,6.313013317667285,0.003997371906350308
159,2017-12-02,0.0,0.00015625,0.0,0.0,0.07499015461837788,7.2236731925169e-09,0.3619990528368111,0.04063519089962048,1.0000000000067804e-08,0.12578402688250773,1.9259391886158777,0.3149979591559666,6.272553464935866,0.0032851355821301893
160,2017-12-03,0.0,0.0,0.0,0.0,0.07335077156445571,7.093384806398561e-09,0.35737176853336966,0.039979713289391,9.999999999797328e-09,0.12502857345011625,1.907385781680157,0.30744771774793056,6.332602194882284,0.002680052850468012
161,2017-12-04,0.0,0.00065625,0.0,0.0,0.07208426708902718,6.894348473265678e-09,0.35586350621540536,0.03940425637773571,9.99999999968671e-09,0.12444395700584628,1.8964732376741624,0.3036744779991188,6.270091345683275,0.0021769607111210465
162,2017-12-05,0.0,0.00015625,0.0,0.0,0.07050039519476284,6.66234350778002e-09,0.34666810833753775,0.03887305808504527,9.999999999617725e-09,0.1233226752853528,1.8828664945807192,0.3005762418959417,6.227330906300266,0.0018257259056715096
163,2017-12-06,0.0,0.00021875,0.0,0.0,0.06909532452144469,6.324948657319737e-09,0.3490856687601907,0.03827831951237995,9.999999999462511e-09,0.1225178214195154,1.873082079443152,0.29917382523075564,6.304969863203297,0.001488739393281514
164,2017-12-07,0.0,0.0,0.0,0.0,0.06782066105398285,6.147437135800625e-09,0.34978548761115935,0.03776569412152904,9.999999999483265e-09,0.12250830541242456,1.85890827302742,0.2955027212763113,6.325453280703565,0.0012153672915633388
165,2017-12-08,0.0,0.0,0.0,0.0,0.06651672724766892,5.953703138704248e-09,0.3430389696844111,0.037232169312023174,9.999999999227754e-09,0.12224521790100162,1.8464457857634597,0.29403962339544776,6.260481829406749,0.000978693913622818
166,2017-12-09,0.0,9.375e-05,0.0,0.0,0.06535207541095046,5.859126416497568e-09,0.339375098828677,0.036759351335478585,9.999999999321528e-09,0.12137559939781375,1.8372638749299322,0.2906083835726789,6.220667244792103,0.0007835929477472704
167,2017-12-10,0.0,0.0,0.0,0.0,0.06401519356521926,5.679813919817254e-09,0.33698442761506275,0.03626931912785328,9.999999999044747e-09,0.12110246964342497,1.8269059682104607,0.2855109593041574,6.208937234062765,0.0006418765804807391
168,2017-12-11,0.0,9.375e-05,0.0,0.0,0.06274273683091679,5.557304372763199e-09,0.32910458650008806,0.03574380190140698,9.999999999061653e-09,0.12087560573249627,1.8158446305226557,0.28484279149755637,6.187868412876004,0.0005109990137848985
169,2017-12-12,0.0,0.0,0.0,0.0,0.06167189142075604,5.484522108616217e-09,0.3256149678769746,0.03530392949915843,9.999999998945229e-09,0.11972389126296419,1.803184769336966,0.28251899538468117,6.1830054014276365,0.000419286634283191
170,2017-12-13,0.0,0.0,0.0,0.0,0.060548500731265484,5.312399785620623e-09,0.32280188970952517,0.03481729493940419,9.999999999021429e-09,0.11891645353869612,1.7908385681692318,0.2787441603120128,6.185748277302445,0.00033389772029724074
171,2017-12-14,0.0,0.0,0.0,0.0,0.05935964080721497,5.252847697283465e-09,0.3184927947424271,0.034338881870907986,9.999999998932952e-09,0.11907177068705675,1.7811366639631723,0.271040012906429,6.105390559336611,0.00026409607452208654
172,2017-12-15,0.0,0.00021875,0.0,0.0,0.05832585574820468,5.110422053370922e-09,0.3201335183742576,0.033913853914509164,9.999999998747066e-09,0.11882113373440076,1.771395641745256,0.26923535020929074,6.112097691516798,0.00020769411536433491
173,2017-12-16,0.0,0.0,0.0,0.0,0.057390524265884944,4.9938632217131215e-09,0.31911958303533083,0.033462472509416925,9.999999998749158e-09,0.11876320496071646,1.7646047905345976,0.2699213983375908,6.140687552067182,0.00018432469183173175
174,2017-12-17,0.0,0.0,0.0,0.0,0.05668741237538665,4.949738281012094e-09,0.31495633105344917,0.033179264598402106,9.999999998663106e-09,0.1187736550569901,1.7564293504610484,0.268586327930169,6.21465468309859,0.00014929622697794392
175,2017-12-18,0.0,0.0,0.0,0.0,0.05597890388634193,4.8085732391631125e-09,0.31328697952566603,0.032759276177935705,9.999999998614486e-09,0.11864196329590157,1.7512170572312487,0.2644274830772892,6.107711867007545,0.00012124112359576185
176,2017-12-19,0.0,0.0,0.0,0.0,0.05531895017432603,4.904444984244664e-09,0.3119153039748314,0.03233803995629561,9.999999998609725e-09,0.11748764516725657,1.7435049911837655,0.2658794874008768,6.0721596009499965,9.910391864146448e-05
177,2017-12-20,0.0,0.0,0.0,0.0,0.05447394941990554,4.710174258925476e-09,0.30649470522714845,0.03206338677458742,9.999999998642819e-09,0.11721055495888513,1.732929275155574,0.26434630564499895,6.033948061084659,8.098966986061657e-05
178,2017-12-21,0.0,0.0,0.0,0.0,0.05364046334781082,4.576318585565383e-09,0.30243549344247495,0.03172599089136821,9.99999999854474e-09,0.11674939580437611,1.7243115524764954,0.25970950914955615,6.059484847157202,6.629933289765048e-05
179,2017-12-22,0.0,0.0,0.0,0.0,0.05280393317491481,4.4952175637475455e-09,0.29947526536185454,0.031412488111226454,9.999999998523724e-09,0.11604421024638059,1.7175384515219092,0.259389379540563,6.01032889331622,5.387154710346317e-05
180,2017-12-23,0.0,0.0,0.0,0.0,0.05214912527229099,4.509137086458962e-09,0.3005221811106717,0.031105245359490198,9.999999998374915e-09,0.11557361403267806,1.7083740383909225,0.2587910856705715,5.998877609694264,4.329873612307986e-05
181,2017-12-24,0.0,0.0,0.0,0.0,0.05105030240179875,4.48735419428743e-09,0.29513388791323986,0.03076506004300861,9.999999998468192e-09,0.11505562989206468,1.6982602404902827,0.2542839890666354,5.9647590770077095,3.407944551841291e-05
182,2017-12-25,0.0,0.0,0.0,0.0,0.05002193517881574,4.35942432315506e-09,0.2877071722323864,0.030375017876236993,9.999999998395204e-09,0.11489300954180558,1.6887994247691844,0.25482008183097676,5.8997334596496245,2.586445679926931e-05
183,2017-12-26,0.0,0.0,0.0,0.0,0.04960127962696621,4.253449693350524e-09,0.28646290921668577,0.03014774157464744,9.999999998362255e-09,0.1153044989007396,1.6838668665997294,0.2542175131910391,5.9749120247455325,1.8609139891730016e-05
184,2017-12-27,0.0,0.0,0.0,0.0,0.04866761334359592,4.257552738552537e-09,0.28333203773517307,0.029844390284666043,9.99999999829722e-09,0.11430520264793351,1.676103303024916,0.2504045679056786,5.976154523769151,1.2854639294432153e-05
185,2017-12-28,0.0,0.0,0.0,0.0,0.04806029861323964,4.246195946218675e-09,0.2803293516968336,0.029594674341872376,9.999999998320092e-09,0.11352946282320546,1.6701401352850735,0.2460798382231548,5.974409855686317,9.031407248228332e-06
186,2017-12-29,0.0,0.0,0.0,0.0,0.047525687977579945,4.136093253482408e-09,0.2793654926598225,0.02930697875623314,9.999999998280662e-09,0.11389121760250062,1.6659356559693739,0.2406738455614211,5.950289638835041,6.715227562081909e-06
187,2017-12-30,0.0,0.0,0.0,0.0,0.046881121899131344,4.057884768866713e-09,0.2741789245589588,0.029033274813667992,9.999999998251936e-09,0.11368086778431535,1.6555272994400239,0.242077497978173,5.852486339750271,5.000793977403228e-06
188,2017-12-31,0.0,0.0,0.0,0.0,0.04638041990011472,4.082535569523677e-09,0.268948296600119,0.028802154649775542,9.999999998254015e-09,0.11272534718875084,1.6467627251512778,0.2418254382933404,5.786075962192869,3.545567719294037e-06
189,2018-01-01,0.0,0.0,0.0,0.0,0.04596283390885771,4.009294234656087e-09,0.27031989947109214,0.028585331614360453,9.999999998270748e-09,0.11353582579556626,1.640792298088108,0.24277191561808562,5.7982260216069035,2.574424561951713e-06
190,2018-01-02,0.0,0.0,0.0,0.0,0.04551789590289246,3.933914053834194e-09,0.26640245739639434,0.02839118029514917,9.999999998168636e-09,0.11319342098727485,1.6332127136833563,0.2396301595843633,5.743749308268082,1.815579186468467e-06
191,2018-01-03,0.0,0.0,0.0,0.0,0.04478310430222993,3.866153800845238e-09,0.2655326964298512,0.028142930655808193,9.999999998176123e-09,0.11270256528047061,1.626935727227699,0.23897516926253823,5.752092085119311,1.2872820771552273e-06
192,2018-01-04,0.0,0.0,0.0,0.0,0.044278252531158746,3.800411689783091e-09,0.26372750135952094,0.027873821997859573,9.999999998242796e-09,0.11175133179314353,1.620413818726525,0.23920779833262512,5.690132217020027,9.280622854880155e-07
193,2018-01-05,,,,,0.04351084731402168,3.836024859283527e-09,0.2600906920306594,0.02759088972071744,9.999999998150778e-09,0.1105123607919692,1.6116390863482462,0.239627957784206,5.708423592281636,6.293856187956949e-07
