date,temperature,temperature_smoothed,temperature_rolling,suitability,suitability_smoothed,suitability_rolling_temp
2017-01-01,4.9,8.57019834443493,7.642857142857143,0.0,0.0,0.0
2017-01-02,8.0,8.538687331371838,7.671428571428571,0.0,0.0,0.0
2017-01-03,9.9,8.509296418683537,7.442857142857143,0.0,0.0,0.0
2017-01-04,5.2,8.482007101658779,6.871428571428572,0.0,0.0,0.0
2017-01-05,5.8,8.456800581632882,6.707142857142857,0.0,0.0,0.0
2017-01-06,0.4,8.43365780335807,6.221428571428572,0.0,0.0,0.0
2017-01-07,-1.0,8.412559492023858,5.585714285714286,0.0,0.0,0.0
2017-01-08,-1.0,8.393486189879512,5.035714285714286,0.0,0.0,0.0
2017-01-09,2.4,8.37641829241116,4.621428571428572,0.0,0.0,0.0
2017-01-10,2.5,8.361336084026677,4.214285714285714,0.0,0.0,0.0
2017-01-11,0.3,8.34821977320268,3.6571428571428575,0.0,0.0,0.0
2017-01-12,6.4,8.337049527048285,3.6714285714285713,0.0,0.0,0.0
2017-01-13,9.7,8.327805505241598,4.121428571428572,0.0,0.0,0.0
2017-01-14,4.2,8.320467893295595,4.121428571428571,0.0,0.0,0.0
2017-01-15,5.3,8.31501693511112,4.1499999999999995,0.0,0.0,0.0
2017-01-16,4.5,8.311432964775827,3.8999999999999995,0.0,0.0,0.0
2017-01-17,6.1,8.309696437568878,3.6285714285714286,0.0,0.0,0.0
2017-01-18,6.5,8.309787960132493,3.721428571428571,0.0,0.0,0.0
2017-01-19,6.1,8.311688319772466,3.742857142857143,0.0,0.0,0.0
2017-01-20,6.5,8.315378512851158,4.178571428571429,0.0,0.0,0.0
2017-01-21,9.1,8.320839772237665,4.8999999999999995,0.0,0.0,0.0
2017-01-22,11.3,8.328053593781203,5.778571428571429,1.0028630168970267e-14,0.0,0.0
2017-01-23,11.0,8.337001761775124,6.392857142857143,3.542073959347226e-16,0.0,0.0
2017-01-24,9.6,8.347666373380344,6.8999999999999995,0.0,0.0,0.0
2017-01-25,8.7,8.360029861978482,7.5,0.0,0.0,0.0
2017-01-26,7.2,8.374075019426364,7.557142857142857,0.0,0.0,0.0
2017-01-27,6.8,8.389785017185194,7.3500000000000005,0.0,0.0,0.0
2017-01-28,10.0,8.40714342629905,7.764285714285714,0.0,0.0,0.0
2017-01-29,6.8,8.426134236199186,7.871428571428572,0.0,0.0,0.0
2017-01-30,6.7,8.44674187231192,8.028571428571428,0.0,0.0,0.0
2017-01-31,10.6,8.468951212449797,8.35,7.084147918694426e-17,0.0,0.0
2017-02-01,12.7,8.492747601967165,8.792857142857143,7.054754917864558e-11,0.0,0.0
2017-02-02,13.2,8.518116867662991,9.299999999999999,1.2050778195788784e-09,0.0,0.0
2017-02-03,13.6,8.545045330415622,9.807142857142859,8.902034695026299e-09,0.0,0.0
2017-02-04,13.6,8.57351981653557,10.12857142857143,8.902034695026299e-09,0.0,0.0
2017-02-05,13.4,8.603527667824553,10.278571428571427,2.2457159669633153e-09,0.0,0.0
2017-02-06,9.0,8.635056750330305,10.135714285714284,0.0,0.0,0.0
2017-02-07,9.4,8.668095461788699,10.12142857142857,0.0,0.0,0.0
2017-02-08,10.3,8.702632737746521,10.235714285714286,0.0,0.0,0.0
2017-02-09,11.1,8.738658056359789,10.514285714285714,3.579014986946551e-15,0.0,1.0120211312420609e-17
2017-02-10,10.1,8.7761614418644,10.75,0.0,0.0,1.771036979673613e-16
2017-02-11,10.4,8.815133466717798,10.778571428571428,0.0,0.0,1.973441205922025e-16
2017-02-12,11.6,8.855565252411683,11.12142857142857,7.084820066317101e-14,0.0,4.270045185020486e-15
2017-02-13,11.8,8.897448468958231,11.485714285714286,1.7958811128752616e-13,0.0,1.6017558552277946e-14
2017-02-14,10.2,8.940775333053429,11.457142857142856,0.0,0.0,1.5096184954845938e-14
2017-02-15,8.5,8.985538604923246,11.157142857142857,0.0,0.0,5.4217621818104535e-15
2017-02-16,8.6,9.031731583860132,10.828571428571431,0.0,0.0,2.3276486018567653e-16
2017-02-17,9.8,9.07934810245868,10.557142857142855,0.0,0.0,4.048084524968118e-17
2017-02-18,10.4,9.128382519561743,10.328571428571427,0.0,0.0,0.0
2017-02-19,7.8,9.178829711929284,9.928571428571429,0.0,0.0,0.0
2017-02-20,7.8,9.23068506464436,9.842857142857142,0.0,0.0,0.0
2017-02-21,8.3,9.283944460272354,9.764285714285716,0.0,0.0,0.0
2017-02-22,10.6,9.33860426679078,9.785714285714286,7.084147918694426e-17,0.0,0.0
2017-02-23,12.2,9.394661324309357,9.864285714285714,3.3541170137240853e-12,0.0,0.0
2017-02-24,13.9,9.452112930601043,10.135714285714286,2.731003365813872e-08,0.0,0.0
2017-02-25,12.9,9.510956825466502,10.314285714285713,1.331422978558493e-10,0.0,0.0
2017-02-26,10.4,9.571191173956363,10.228571428571428,0.0,0.0,0.0
2017-02-27,10.6,9.632814548476409,10.142857142857142,7.084147918694426e-17,0.0,0.0
2017-02-28,11.3,9.695825909803347,10.221428571428572,1.0028630168970267e-14,0.0,0.0
2017-03-01,12.3,9.760224587039367,10.492857142857144,4.887011509630215e-12,0.0,0.0
2017-03-02,10.3,9.826010256535682,10.614285714285714,0.0,0.0,8.096169049936487e-17
2017-03-03,11.1,9.893182919816388,10.707142857142856,3.579014986946551e-15,0.0,1.4674306403009821e-16
2017-03-04,13.7,9.9617428805355,10.942857142857145,1.503803434939707e-08,0.0,3.137265506850414e-16
2017-03-05,11.1,10.03169072050116,11.178571428571429,3.579014986946551e-15,0.0,6.112792379884445e-15
2017-03-06,12.4,10.103027274802443,11.507142857142856,6.419906005536317e-12,0.0,2.0361813587577517e-14
2017-03-07,9.9,10.175753606075473,11.621428571428572,0.0,0.0,8.249890537292372e-14
2017-03-08,11.6,10.249870977946202,11.692857142857145,7.084820066317101e-14,0.0,1.2133458773876547e-13
2017-03-09,11.4,10.325380827689383,11.635714285714286,1.3253437759982094e-14,0.0,9.026604184609188e-14
2017-03-10,13.6,10.402284738143278,11.614285714285714,8.902034695026299e-09,0.0,7.861533713633917e-14
2017-03-11,10.8,10.480584408921326,11.464285714285714,2.1252443756083406e-16,0.0,1.5326528354203955e-14
2017-03-12,9.4,10.560281626962775,11.392857142857142,0.0,4.270439621838567e-17,1.3023094360624078e-14
2017-03-13,10.2,10.641378236465414,11.364285714285716,0.0,1.0015443396051541e-16,1.2101720763192184e-14
2017-03-14,9.9,10.72387610824379,11.264285714285714,0.0,1.5859714662606565e-16,8.876913172180299e-15
2017-03-15,11.2,10.807777108558252,11.185714285714285,6.8038225779583796e-15,2.1803385630147365e-16,6.343135779242404e-15
2017-03-16,11.3,10.8930830674598,11.257142857142858,1.0028630168970267e-14,2.784658594219375e-16,8.64656977282234e-15
2017-03-17,12.1,10.979795746697057,11.328571428571427,1.821222517817983e-12,3.3989440403624087e-16,1.095000376640216e-14
2017-03-18,13.2,11.067916807232415,11.292857142857143,1.2050778195788784e-09,2.5443937511385058e-15,9.798286769612249e-15
2017-03-19,13.6,11.157447776414235,11.471428571428572,8.902034695026299e-09,5.431595241620337e-15,1.555687175356197e-14
2017-03-20,14.4,11.248390014853825,11.614285714285714,2.4888508852459193e-07,8.36430745025632e-15,7.861533713633917e-14
2017-03-21,14.4,11.340744683055114,11.935714285714285,2.4888508852459193e-07,1.1342567801065266e-14,2.5337590778262314e-13
2017-03-22,13.5,11.434512707846094,12.071428571428571,2.766035040655529e-09,1.4366406182466673e-14,1.3832526618448107e-12
2017-03-23,14.1,11.52969474866151,12.264285714285714,8.730579711552986e-08,3.2623266928320636e-14,4.3395491896637364e-12
2017-03-24,14.2,11.62629116372572,12.307142857142855,1.4116556091855024e-07,8.514269463189618e-14,4.9965039736234675e-12
2017-03-25,15.2,11.724301976186371,12.621428571428572,6.57324855762898e-06,1.3843112956785456e-13,4.59567550554589e-11
2017-03-26,12.7,11.823726840248243,12.857142857142858,7.054754917864558e-11,1.9248838372748726e-13,1.1972913742502005e-10
2017-03-27,9.5,11.924565007357552,12.807142857142855,0.0,2.473140501224372e-13,1.0408045025571842e-10
2017-03-28,10.1,12.02681529248709,12.82142857142857,0.0,6.993781645076023e-13,1.0855150373266151e-10
2017-03-29,12.3,12.130476040571766,12.9,4.887011509630215e-12,2.2883880663127047e-12,1.331422978558493e-10
2017-03-30,15.5,12.235545093145172,13.200000000000001,1.311184218353173e-05,3.898985790111132e-12,1.2050778195788877e-09
2017-03-31,15.4,12.342019755227104,13.435714285714285,1.0932310974897493e-05,5.531130024699708e-12,2.4315442075676725e-09
2017-04-01,14.9,12.449896762511468,13.557142857142859,1.8318978827539285e-06,7.184770731709948e-12,6.272320557438936e-09
2017-04-02,14.0,12.559172248903927,13.585714285714287,3.344603331250949e-08,2.64721607454736e-11,8.025463315830584e-09
2017-04-03,13.9,12.669841714459178,13.549999999999999,2.731003365813872e-08,6.110879765883034e-11,5.83403486784086e-09
2017-04-04,14.0,12.781899993765943,13.52142857142857,3.344603331250949e-08,9.618009681086457e-11,4.080892109449211e-09
2017-04-05,14.1,12.895341224828327,13.564285714285715,8.730579711552986e-08,1.3168422355077678e-10,6.710606247036793e-09
2017-04-06,13.8,13.010158818491542,13.542857142857143,2.117403400376795e-08,2.172979424677145e-10,5.395749178243002e-09
2017-04-07,13.8,13.126345428458638,13.514285714285716,2.117403400376795e-08,8.218390352028973e-10,3.6426064198514622e-09
2017-04-08,14.8,13.243892921945864,13.485714285714286,1.4496096251473513e-06,1.4334610644640505e-09,2.6917037444137843e-09
2017-04-09,15.8,13.362792351021863,13.707142857142857,4.288854164675916e-05,2.052117472457619e-09,1.5476320038995036e-08
2017-04-10,15.9,13.483033924676317,14.164285714285715,5.2814108134501576e-05,2.6777573146894162e-09,1.2192993098890058e-07
2017-04-11,15.1,13.604606981662354,14.521428571428572,4.3937173489947426e-06,9.184719073905265e-09,3.846637646718823e-07
2017-04-12,15.4,13.72749996415666,14.742857142857144,1.0932310974897493e-05,1.6725432055001874e-08,1.231159192229307e-06
2017-04-13,14.9,13.851700392279211,14.700000000000001,1.8318978827539285e-06,2.4346369895328635e-08,1.0673213675407738e-06
2017-04-14,15.5,13.977194839515402,14.707142857142857,1.311184218353173e-05,3.204670874399585e-08,1.094627671655526e-06
2017-04-15,15.3,14.103968909080551,14.735714285714284,8.752779766263256e-06,8.944344217187164e-08,1.2038528881145413e-06
2017-04-16,17.1,14.232007211266675,14.957142857142857,0.0011370975020328947,1.584045693067154e-07,2.0503483156719725e-06
2017-04-17,16.9,14.361293341810391,15.171428571428573,0.0007135839278969283,2.2803777384762605e-07,5.950525355162094e-06
2017-04-18,13.9,14.491809861318538,15.164285714285715,2.731003365813872e-08,2.983336629786372e-07,5.794844554545343e-06
2017-04-19,10.8,14.623538275788745,14.928571428571429,2.1252443756083406e-16,7.750171743176142e-07,1.941123099212951e-06
2017-04-20,9.3,14.756459018259084,14.607142857142858,0.0,1.283157564705204e-06,7.123394140489486e-07
2017-04-21,9.7,14.890551431620718,14.314285714285715,0.0,1.7957771153280045e-06,2.0271957669343162e-07
2017-04-22,10.7,15.0257937526261,14.021428571428572,1.4168295837388853e-16,2.776369028724277e-06,4.498741127030005e-08
2017-04-23,13.1,15.162163097122733,13.828571428571427,6.847587458866646e-10,5.748581451038324e-06,2.292717676215949e-08
2017-04-24,13.9,15.299635446543226,13.685714285714285,2.731003365813872e-08,8.744834209900693e-06,1.4161462970201246e-08
2017-04-25,14.3,15.438185635678314,13.62857142857143,1.9502532472157156e-07,1.1764578821721718e-05,1.0655177453418057e-08
2017-04-26,17.1,15.577787341760963,13.75,0.0011370975020328947,2.08326765090636e-05,1.8106034176582508e-08
2017-04-27,17.8,15.718413074884374,13.957142857142857,0.004468469309684118,3.479057714910301e-05,3.081631917492201e-08
2017-04-28,13.0,15.860034169779398,13.778571428571428,1.6443967219445087e-10,4.8847273083577454e-05,1.9859176934974157e-08
2017-04-29,13.2,16.002620778971878,13.62857142857143,1.2050778195788784e-09,6.37099288360949e-05,1.0655177453418057e-08
2017-04-30,14.4,16.146141867340372,13.435714285714285,2.4888508852459193e-07,0.0001168437269397328,2.4315442075676725e-09
2017-05-01,14.8,16.29056520809325,13.285714285714286,1.4496096251473513e-06,0.00017031155327974513,1.6510655970293566e-09
2017-05-02,15.3,16.435857380180842,13.385714285714286,8.752779766263256e-06,0.00022410103485000799,2.1713846707215702e-09
2017-05-03,15.7,16.581983767159183,13.735714285714284,3.2962975159016566e-05,0.0003433046917292022,1.7229462797386576e-08
2017-05-04,16.4,16.72890855751766,14.242857142857144,0.000210826060275104,0.0005143752017533604,1.6424831683413135e-07
2017-05-05,17.3,16.876594746482624,14.785714285714286,0.0017512565147005082,0.0006863322391472427,1.3949970169178402e-06
2017-05-06,18.3,17.02500413930706,15.328571428571431,0.010074699892390135,0.000906800583246223,9.37550296873022e-06
2017-05-07,17.1,17.174097356053583,15.614285714285716,0.0011370975020328947,0.0013646352972086363,2.4455346740951813e-05
2017-05-08,15.2,17.32383383787817,15.707142857142857,6.57324855762898e-06,0.0018244453463971877,3.3671944193855395e-05
2017-05-09,16.2,17.474171854818316,15.842857142857143,0.000136782867448674,0.0022861025866490266,4.714235585579162e-05
2017-05-10,17.6,17.6250685150886,15.87857142857143,0.0030664334548067954,0.0032421682397205374,5.0687201029985435e-05
2017-05-11,20.4,17.77647977588439,16.064285714285713,0.11576715208618481,0.004303588322059933,8.653927231645332e-05
2017-05-12,20.6,17.9283604556932,16.607142857142858,0.13746287532172685,0.005368299115835397,0.000372598443619198
2017-05-13,19.5,18.08066424810979,17.057142857142857,0.04659877798798499,0.007000932519986268,0.0010054919993184007
2017-05-14,18.9,18.233343737151866,17.37857142857143,0.023025666435679357,0.00914058019624717,0.001992533269677073
2017-05-15,19.8,18.386350414068797,17.735714285714288,0.06593507625225989,0.011284813077636329,0.00401781492775927
2017-05-16,20.9,18.539634695635552,18.135714285714286,0.17484413728504536,0.013883045456382834,0.0077724027795315655
2017-05-17,21.9,18.69314594392199,18.57857142857143,0.34381734189886665,0.01777769108997635,0.014870886924730185
2017-05-18,22.2,18.846832487524765,18.99285714285714,0.407219580806637,0.021676784040271256,0.025381491627731324
2017-05-19,21.1,19.00064164424934,19.264285714285712,0.2032044534163346,0.025589704295650634,0.03668177401302768
2017-05-20,17.1,19.15451974522579,19.178571428571427,0.0011370975020328947,0.03206368500673925,0.033075590749406886
2017-05-21,18.7,19.30841216044147,19.29285714285714,0.017951581406644303,0.038538267948477214,0.037883835100901285
2017-05-22,20.2,19.46226332567156,19.650000000000002,0.0972965469239806,0.045011115415125855,0.05626692712012255
2017-05-23,20.2,19.61601677078675,19.935714285714287,0.0972965469239806,0.05407656093328702,0.07468244927657472
2017-05-24,20.5,19.769615149415646,20.142857142857142,0.12500245466728707,0.06397664114021152,0.09201923116335083
2017-05-25,19.8,19.923000269937756,20.1,0.06593507625225989,0.07386297593926905,0.08806124434287867
2017-05-26,20.0,20.076113127781593,20.057142857142857,0.0788259417617764,0.0858552194163474,0.08410325752240617
2017-05-27,20.6,20.22889393899967,20.135714285714283,0.13746287532172685,0.09996498961819913,0.09135956669327186
2017-05-28,21.7,20.381282175092462,20.335714285714285,0.30531068861129895,0.1140385043193729,0.10983017185547639
2017-05-29,21.8,20.533216599050025,20.478571428571428,0.32456401525508316,0.1291413826360188,0.12302346125705083
2017-05-30,21.5,20.684635302579238,20.521428571428572,0.2668040353237313,0.14800879004525755,0.12767254480752424
2017-05-31,21.8,20.835475744483546,20.514285714285712,0.32456401525508316,0.16680414362354987,0.12678251476077823
2017-06-01,21.9,20.985674790159006,20.49285714285714,0.34381734189886665,0.18551957653366613,0.1243427901972081
2017-06-02,21.7,21.1351687521715,20.535714285714285,0.30531068861129895,0.2087962482521148,0.12945260490101537
2017-06-03,21.9,21.283893431876123,20.87857142857143,0.34381734189886665,0.23244331687342892,0.17217404714480863
2017-06-04,22.6,21.431784162039907,21.157142857142862,0.4972832861426748,0.25595778838941974,0.2122901079745347
2017-06-05,23.3,21.578775850427512,21.378571428571426,0.6648708830166833,0.2819710071229588,0.2474970193875569
2017-06-06,23.2,21.724803024307203,21.592857142857145,0.6407954666454239,0.310086095898702,0.28468212435010254
2017-06-07,22.3,21.869799875835263,21.721428571428568,0.42929403693863044,0.3380028133466017,0.30943640146353785
2017-06-08,22.2,22.013700308273666,21.892857142857142,0.407219580806637,0.3660949370824691,0.34244210428145366
2017-06-09,22.4,22.156437982996152,22.064285714285713,0.45136849307062316,0.3976035024729114,0.377261390341789
2017-06-10,23.1,22.297946367236076,22.242857142857144,0.6167200502741652,0.42884070867504565,0.416680062006063
2017-06-11,24.7,22.43815878252902,22.45714285714286,0.9412812150578076,0.45979183678049446,0.46398246800319143
2017-06-12,24.4,22.57700845380097,22.642857142857142,0.8982875420435125,0.4918020240610969,0.507500573402699
2017-06-13,24.3,22.714428559053868,22.842857142857145,0.8798850957959572,0.5245634401767696,0.5551812472828154
2017-06-14,24.9,22.850352279597598,23.064285714285713,0.9658724418245467,0.5569681131358573,0.6081216872844292
2017-06-15,25.2,22.984712850777775,23.300000000000004,0.9869008331247499,0.5890001260197979,0.6648708830166842
2017-06-16,25.7,23.117443613147984,23.585714285714285,0.9906296566237761,0.6209196727697336,0.7321627514096166
2017-06-17,25.9,23.24847806403308,23.87142857142857,0.9812593132475523,0.6524667624101136,0.795966203577667
2017-06-18,24.4,23.377749909432378,24.0,0.8982875420435125,0.6835894974408051,0.82467775705329
2017-06-19,23.9,23.505193116207447,24.042857142857144,0.802346548794472,0.714181401354609,0.8325645197308142
2017-06-20,24.6,23.630741964501794,24.142857142857142,0.9289856016744382,0.7422179761337667,0.8509669659783695
2017-06-21,25.0,23.754331100337023,24.33571428571429,0.9781680552079165,0.7698169234424047,0.8864573980272276
2017-06-22,25.8,23.875895588331574,24.592857142857138,0.9859444849356642,0.7969637424252333,0.9281073435756253
2017-06-23,25.4,23.995370964486362,24.807142857142857,0.9956336110415832,0.8236440374923649,0.9544550865399893
2017-06-24,25.6,24.112693288982083,24.985714285714284,0.995314828311888,0.8454160789828205,0.9764115390102921
2017-06-25,26.2,24.22779919893291,25.092857142857138,0.9488757144282406,0.8665983821892813,0.9822225592407318
2017-06-26,26.7,24.340625961040242,25.25714285714286,0.8633473195301091,0.8873612664389405,0.9893959125295596
2017-06-27,28.1,24.45111152409175,25.52857142857143,0.47315388542885456,0.9076933127908036,0.9986613795176823
2017-06-28,26.4,24.559194571249254,25.63571428571429,0.9211772872970408,0.92396832391582,0.9936415527089908
2017-06-29,25.5,24.664814572070142,25.657142857142855,1.0,0.9369549508722682,0.9926375873472528
2017-06-30,25.0,24.76791183420692,25.607142857142858,0.9781680552079165,0.9496313916334456,0.9949801731913086
2017-07-01,21.6,24.868427554729102,25.3,0.28605736196751547,0.9619904160183613,0.9912672220831666
2017-07-02,22.3,24.96630387101315,25.15,0.42929403693863044,0.9740249094625318,0.9847176386455415
2017-07-03,24.6,25.061483911145206,25.2,0.9289856016744382,0.9808526819153636,0.9869008331247499
2017-07-04,26.1,25.15391184378253,25.307142857142857,0.9627249279938402,0.9848884449605325,0.9915791070087678
2017-07-05,26.8,25.24353292741988,25.435714285714283,0.8413569424294429,0.9888016500608872,0.9971930356695892
2017-07-06,27.0,25.330293559007085,25.521428571428572,0.7973761882281113,0.9925899566987634,0.9989960346382617
2017-07-07,28.0,25.414141321865674,25.707142857142856,0.5033301997109824,0.9962510761581003,0.9902950015031968
2017-07-08,27.8,25.495025032851927,25.864285714285717,0.5650266162888901,0.9997827735837617,0.9829325888504492
2017-07-09,27.8,25.572894788715207,25.978571428571428,0.5650266162888901,0.9965847539970061,0.9775781069211786
2017-07-10,28.2,25.64770201160086,26.085714285714285,0.44297757114672787,0.9930799071697047,0.9647033870746404
2017-07-11,27.2,25.719399493647618,26.021428571428572,0.7414542093991678,0.9897207570397608,0.9736064529382402
2017-07-12,26.9,25.78794144063092,26.057142857142857,0.8193665653287775,0.9865094491452185,0.9686603052362404
2017-07-13,27.5,25.85328351460391,26.2,0.6575712411557523,0.9834480607950109,0.9488757144282406
2017-07-14,26.9,25.91538287548886,26.335714285714285,0.8193665653287775,0.9805385991203307,0.9300803531606406
2017-07-15,27.2,25.97419822157364,26.735714285714288,0.7414542093991678,0.9777829991773015,0.8554936134227279
2017-07-16,25.8,26.02968982886744,26.985714285714288,0.9859444849356642,0.9724623337523275,0.8005176706710632
2017-07-17,24.6,26.081819589272786,26.985714285714288,0.9289856016744382,0.9652427719025555,0.8005176706710632
2017-07-18,25.3,26.13055104753082,26.928571428571427,0.9912672220831666,0.9584938481747693,0.813083600442873
2017-07-19,25.1,26.175849436898687,26.807142857142857,0.9825344441663333,0.9522203774894362,0.839786201207967
2017-07-20,25.2,26.217681713519084,26.678571428571427,0.9869008331247499,0.946426936160925,0.8680595431945377
2017-07-21,27.1,26.256016589443025,26.614285714285717,0.7694151988136391,0.9411178573241107,0.8821962141878219
2017-07-22,28.8,26.290824564268878,26.685714285714287,0.27345158261061153,0.936297226552618,0.866488801973061
2017-07-23,27.8,26.322077955361614,26.685714285714283,0.5650266162888901,0.9319688776736929,0.8664888019730618
2017-07-24,25.6,26.349750926617933,26.5,0.995314828311888,0.9281363887844581,0.9073280737314408
2017-07-25,24.5,26.37381951574445,26.307142857142857,0.9166899882910684,0.9248030784740999,0.9340372713222406
2017-07-26,23.1,26.394261660017552,26.035714285714285,0.6167200502741652,0.9219720022563301,0.9716279938574405
2017-07-27,24.3,26.41105722049525,25.807142857142853,0.8798850957959572,0.9196459492162344,0.9856098298150849
2017-07-28,24.4,26.424188004652994,25.62857142857143,0.8982875420435125,0.9178274388753903,0.9939762078295703
2017-07-29,25.9,26.433637787416906,25.535714285714285,0.9812593132475523,0.9165187182789308,0.9983267243971029
2017-07-30,27.2,26.43939233056974,25.635714285714283,0.7414542093991678,0.9157217593079705,0.9936415527089911
2017-07-31,28.7,26.441439400506525,25.928571428571427,0.29978393117385654,0.9154382562205877,0.9799206927652346
2017-08-01,30.4,26.439768784318645,26.292857142857144,0.024663881676580058,0.9156696234243088,0.9360157304030403
2017-08-02,30.7,26.43437230418679,26.692857142857143,0.012276550413273695,0.9164169934827944,0.8649180607515851
2017-08-03,31.5,26.425243830065114,27.142857142857142,0.000749826043804533,0.917681215359186,0.7574319176360088
2017-08-04,30.7,26.412379290640615,27.4,0.012276550413273695,0.9194628528983155,0.6855322305702245
2017-08-05,30.4,26.39577668255382,27.514285714285712,0.024663881676580058,0.9217621835497155,0.6531643542573309
2017-08-06,29.1,26.375436077868365,27.607142857142858,0.20051747494355127,0.9245791973331385,0.6245195894175871
2017-08-07,30.3,26.351359629779274,27.942857142857143,0.031685176467999863,0.9279135960480074,0.5209577473046703
2017-08-08,29.3,26.323551576551438,28.285714285714285,0.15997865386240956,0.9317647927279662,0.41711215890490455
2017-08-09,31.0,26.292018243681593,28.849999999999998,0.004227495705444185,0.9361319113414626,0.26028540832899
2017-08-10,29.7,26.25676804427933,29.235714285714288,0.09276352400566472,0.9410137867389818,0.17300898920991922
2017-08-11,24.1,26.21781147766412,29.214285714285715,0.843080203300846,0.9464089648473473,0.177352434325756
2017-08-12,22.6,26.17516112617772,28.978571428571428,0.4972832861426748,0.952315703111178,0.22642953160481796
2017-08-13,23.9,26.128831650212753,28.742857142857144,0.802346548794472,0.9587319711813895,0.2884986389324656
2017-08-14,24.8,26.078839781460584,28.464285714285715,0.9535768284411773,0.9656554518503119,0.36322588340110507
2017-08-15,26.4,26.0252043143834,28.178571428571427,0.9211772872970408,0.9730835422327379,0.449443924207184
2017-08-16,27.3,25.96794609591697,27.935714285714287,0.7134932199846957,0.9780759219984729,0.523161190753881
2017-08-17,28.0,25.90708801341307,27.685714285714287,0.5033301997109824,0.9809272276498735,0.600281711476266
2017-08-18,27.5,25.842654980831856,27.45714285714286,0.6575712411557523,0.9839460258501606,0.6695545223333825
2017-08-19,26.4,25.77467392319669,27.17142857142857,0.9211772872970408,0.9871310551157624,0.7494430635175884
2017-08-20,25.9,25.70317375932587,26.942857142857147,0.9812593132475523,0.9904809605503916,0.8099421179999196
2017-08-21,25.7,25.62818538285701,26.614285714285717,0.9906296566237761,0.9939942947340855,0.8821962141878219
2017-08-22,23.7,25.549741641582283,26.214285714285715,0.7576841322768367,0.9976695186913848,0.9468972553474404
2017-08-23,23.9,25.467877315114322,25.707142857142856,0.802346548794472,0.9985973986340048,0.9902950015031968
2017-08-24,24.9,25.38262909090395,25.364285714285717,0.9658724418245467,0.9948751295848368,0.9940741864135775
2017-08-25,25.1,25.294035538633675,25.435714285714283,0.9825344441663333,0.9910067905006383,0.9971930356695892
2017-08-26,26.0,25.202137083011273,25.678571428571427,0.9765741415594403,0.9869941464813863,0.9916336219855145
2017-08-27,27.0,25.10697597499073,25.9,0.7973761882281113,0.9828390423680703,0.9812593132475523
2017-08-28,28.3,25.00859626144873,26.15,0.4128012568646001,0.9785434014186505,0.9558003212110406
2017-08-29,28.0,24.907043753346642,26.264285714285712,0.5033301997109824,0.9667385145037282,0.9399726485646408
2017-08-30,26.3,24.802365992410223,26.192857142857143,0.9350265008626405,0.9538677417206182,0.9498649439686405
2017-08-31,25.7,24.69461221635948,26.02857142857143,0.9906296566237761,0.9406187540114369,0.9726172233978404
2017-09-01,24.7,24.58383332272417,25.828571428571426,0.9412812150578076,0.926997809539665,0.9846058644533466
2017-09-02,22.1,24.470081831280908,25.521428571428572,0.3851451246746443,0.9111843133742844,0.9989960346382617
2017-09-03,18.9,24.353411845149473,25.02142857142857,0.023025666435679357,0.8897141818894165,0.97910370998472
2017-09-04,20.2,24.233879010588144,24.628571428571426,0.0972965469239806,0.8677172162610882,0.9324986340696862
2017-09-05,21.7,24.111540475527875,24.485714285714288,0.30531068861129895,0.8452039331065752,0.9140610673985607
2017-09-06,22.6,23.986454846887234,24.392857142857142,0.4972832861426748,0.8216529607027027,0.8969730815972586
2017-09-07,22.6,23.8586821467117,24.228571428571428,0.4972832861426748,0.7931197729285894,0.8667404913334171
2017-09-08,21.5,23.728283767181598,23.97142857142857,0.2668040353237313,0.7640002392295986,0.818297411836485
2017-09-09,20.9,23.595322424533673,23.607142857142858,0.17484413728504536,0.7343083648991704,0.7369480103222206
2017-09-10,21.0,23.459862111943558,23.178571428571427,0.18730455793948514,0.703358352086983,0.6356364488515823
2017-09-11,19.5,23.321968051416665,22.55,0.04659877798798499,0.6701597828638974,0.4853631176726457
2017-09-12,20.1,23.18170664473605,21.985714285714288,0.08806124434287867,0.6363912651973542,0.3603201933078249
2017-09-13,19.8,23.039145423517677,21.521428571428572,0.06593507625225989,0.6020690576050793,0.2709297481759709
2017-09-14,20.2,22.894352998422743,21.12857142857143,0.0972965469239806,0.5674580327598194,0.20774728069543436
2017-09-15,21.8,22.747399007579308,20.921428571428574,0.32456401525508316,0.5324237061958828,0.17751422742528294
2017-09-16,23.1,22.598354064265198,20.99285714285714,0.6167200502741652,0.49689088951768084,0.18641452789273913
2017-09-17,19.8,22.447289703905287,21.057142857142857,0.06593507625225989,0.4618074380141456,0.19639021249768468
2017-09-18,18.3,22.294278330436523,20.921428571428574,0.010074699892390135,0.42803100950082296,0.17751422742528294
2017-09-19,18.1,22.1393931620959,20.664285714285715,0.007271903407171022,0.39384095096050825,0.14547314574243791
2017-09-20,15.4,21.982708176684927,20.150000000000002,1.0932310974897493e-05,0.35974141731713377,0.0926788956334298
2017-09-21,16.2,21.82429805636698,19.692857142857143,0.000136782867448674,0.3292421994155086,0.059029255443590264
2017-09-22,17.3,21.6642381320529,19.392857142857142,0.0017512565147005082,0.2984253393615255,0.04209104890845896
2017-09-23,17.3,21.502604327430614,19.135714285714283,0.0017512565147005082,0.2673054549908211,0.031272499117596414
2017-09-24,17.3,21.339473102696303,18.87142857142857,0.0017512565147005082,0.24128042644021436,0.022300797145817206
2017-09-25,17.6,21.174921398042354,18.735714285714288,0.0030664334548067954,0.21511687739486285,0.018857668018972058
2017-09-26,17.4,21.009026576959915,18.542857142857144,0.0020583360210343093,0.18873977424124896,0.013964800312402518
2017-09-27,18.3,20.84186636941275,18.435714285714287,0.010074699892390135,0.16760044237217606,0.01197659750736026
2017-09-28,18.6,20.673518814938927,18.321428571428573,0.01541453889212682,0.14662362892327593,0.010374999515806482
2017-09-29,17.8,20.504062205738386,18.035714285714285,0.004468469309684118,0.1255086225901387,0.006371004536921984
2017-09-30,17.5,20.33357502980186,17.635714285714286,0.0023654155273681214,0.10963260509897982,0.0033167970003205966
2017-10-01,18.0,20.162135914138908,17.50714285714286,0.005870505164561441,0.0937996840251405,0.002415488236470902
2017-10-02,18.3,19.989823568161132,17.50714285714286,0.010074699892390135,0.07817002669076835,0.002415488236470902
2017-10-03,19.2,19.816716727276923,17.585714285714285,0.03397713656531212,0.06701254166769023,0.00296628803660126
2017-10-04,19.3,19.64289409675353,17.864285714285717,0.038184350372869796,0.055808920904752986,0.004919123691608991
2017-10-05,19.1,19.46843429590203,18.071428571428573,0.0297699227577546,0.045270741326722354,0.006871503909282577
2017-10-06,18.6,19.293415802640226,18.164285714285715,0.01541453889212682,0.037907339112432506,0.00817280227742001
2017-10-07,15.9,19.117916898487547,18.064285714285713,5.2814108134501576e-05,0.030523724984808688,0.006771404034810429
2017-10-08,15.5,18.942015614046877,17.935714285714287,1.311184218353173e-05,0.024091620426784262,0.005419850782636593
2017-10-09,17.6,18.765789675025214,17.935714285714287,0.0030664334548067954,0.01962069343219693,0.005419850782636593
2017-10-10,17.1,18.589316448846642,17.914285714285715,0.0011370975020328947,0.015143492657305859,0.005269632655328303
2017-10-11,16.9,18.412672891909136,17.814285714285713,0.0007135839278969283,0.011653695819502123,0.004568614727889628
2017-10-12,16.9,18.23593549753571,17.692857142857143,0.0007135839278969283,0.009176901080719006,0.003717378673142689
2017-10-13,16.9,18.05918024467107,17.62857142857143,0.0007135839278969283,0.006699856073353837,0.0032667242912178414
2017-10-14,17.2,17.882482547371385,17.607142857142858,0.0014441770083666958,0.005046686753765611,0.0031165061639095507
2017-10-15,17.6,17.705917205136497,17.57857142857143,0.0030664334548067954,0.0038089320510556177,0.0029162153274985047
2017-10-16,17.7,17.52955835413106,17.535714285714285,0.0037674513822454443,0.002572624888882648,0.0026157790728819227
2017-10-17,16.9,17.35347941934085,17.37142857142857,0.0007135839278969283,0.0019154808516025756,0.0019705990192246505
2017-10-18,16.7,17.177753067708526,17.185714285714287,0.00048071579229262397,0.0013758612385116231,0.0014003085074618719
2017-10-19,15.6,17.00245116229367,16.935714285714287,2.303740867127415e-05,0.0008375450127699269,0.0007551675235405571
2017-10-20,16.5,16.827644717497844,16.785714285714285,0.00024784765668831965,0.0006293377292099302,0.0005805164218373258
2017-10-21,16.7,16.65340385539705,16.84285714285714,0.00048071579229262397,0.0004264620056924349,0.000647050174867127
2017-10-22,17.8,16.479797763220766,17.007142857142856,0.004468469309684118,0.0002403684661214696,0.0008519522461514945
2017-10-23,13.8,16.306894652015686,16.735714285714284,2.117403400376795e-08,0.00017635697410523215,0.0005222993879362487
2017-10-24,14.2,16.13476171653206,16.52857142857143,1.4116556091855024e-07,0.00011263061343626477,0.00028111453320322024
2017-10-25,15.2,15.963465096366772,16.407142857142855,6.57324855762898e-06,5.9113378470895284e-05,0.00021347046001890472
2017-10-26,14.8,15.793069838398067,16.257142857142856,1.4496096251473513e-06,4.220068384925119e-05,0.00015793806539908257
2017-10-27,15.6,15.623639860543964,16.164285714285715,2.303740867127415e-05,2.5383798747174915e-05,0.00012356086872966897
2017-10-28,14.8,15.455237916875348,15.992857142857144,1.4496096251473513e-06,1.2136238612195127e-05,6.203070558740534e-05
2017-10-29,13.7,15.287925564112752,15.714285714285714,1.503803434939707e-08,8.489613667834148e-06,3.4380913228694054e-05
2017-10-30,15.3,15.121763129534697,15.542857142857144,8.752779766263256e-06,4.868051549178974e-06,1.736565639256437e-05
2017-10-31,15.8,14.9568096803233,15.464285714285714,4.288854164675916e-05,2.049074619813737e-06,1.2333438180448055e-05
2017-11-01,12.6,14.793122994371195,15.171428571428569,3.9250174840044e-11,1.4233196401534854e-06,5.950525355162017e-06
2017-11-02,13.3,14.63075953257315,15.007142857142856,1.7253968932711015e-09,8.02623191056012e-07,2.3698669409772176e-06
2017-11-03,15.3,14.46977441262184,14.921428571428573,8.752779766263256e-06,2.8646542235765973e-07,1.9138167950981985e-06
2017-11-04,14.6,14.310221384327752,14.771428571428572,6.850331099341897e-07,2.0053053817789746e-07,1.3403844086883291e-06
2017-11-05,15.2,14.152152806480132,14.585714285714285,6.57324855762898e-06,1.1539517550237536e-07,6.304205017046787e-07
2017-11-06,12.7,13.995619625264018,14.507142857142858,7.054754917864558e-11,3.317725353384948e-08,3.3005115644237125e-07
2017-11-07,11.1,13.84067135424798,14.285714285714286,3.579014986946551e-15,2.366962815985192e-08,1.873310727497115e-07
2017-11-08,10.7,13.687356055952952,13.964285714285714,1.4168295837388853e-16,1.4262201986371406e-08,3.1254604864519873e-08
2017-11-09,12.7,13.535720325013145,13.814285714285713,7.054754917864558e-11,4.957834060002219e-09,2.2050605382963663e-08
2017-11-10,13.1,13.385809272936736,13.635714285714286,6.847587458866646e-10,2.1718789073575497e-09,1.1093463143015914e-08
2017-11-11,12.8,13.237666514472279,13.492857142857142,1.0184492351724772e-10,1.4010638787731882e-09,2.728869392534652e-09
2017-11-12,12.8,13.091334155586118,13.428571428571429,1.0184492351724772e-10,6.396687045047472e-10,2.3943785594468047e-09
2017-11-13,11.8,12.946852783052103,13.178571428571429,1.7958811128752616e-13,1.478059887557188e-10,1.0935808752162659e-09
2017-11-14,8.5,12.804261455655155,12.657142857142858,0.0,1.0317864724591481e-10,5.7134388747816886e-11
2017-11-15,10.1,12.663597697007178,12.47857142857143,0.0,5.915458414311042e-11,7.624323109462555e-12
2017-11-16,10.1,12.524897489972245,12.25,0.0,1.574506113897181e-11,4.12056426167715e-12
2017-11-17,11.2,12.388195272696024,11.957142857142856,6.8038225779583796e-15,6.238951990436932e-12,2.650266124923749e-13
2017-11-18,9.7,12.253523936233387,11.607142857142858,0.0,4.174582486237984e-12,7.473176889975557e-14
2017-11-19,8.3,12.1209148237646,11.114285714285714,0.0,2.141824700134012e-12,4.039701785662527e-15
2017-11-20,8.6,11.990397731390582,10.821428571428571,0.0,2.8310727275998433e-13,2.2770475452946435e-16
2017-11-21,11.7,11.862000910494785,10.864285714285714,1.252181559753481e-13,2.1329797861668365e-13,2.5806538846672618e-16
2017-11-22,12.8,11.735751071657482,11.014285714285714,1.0184492351724772e-10,1.4465599765914604e-13,8.148941946506981e-16
2017-11-23,12.5,11.611673390107551,11.0,7.95280050144242e-12,7.719501764806296e-14,3.542073959347226e-16
2017-11-24,12.9,11.48979151269356,10.985714285714284,1.331422978558493e-10,1.614904127740839e-14,3.440871846223007e-16
2017-11-25,14.6,11.370127566355125,11.114285714285716,6.850331099341897e-07,1.2290109252182169e-14,4.039701785662584e-15
2017-11-26,11.7,11.252702168074089,11.035714285714286,1.252181559753481e-13,8.503366094639445e-15,1.50592439272469e-15
2017-11-27,6.8,11.137534436283142,10.678571428571427,0.0,4.789428337448817e-15,1.26502641405257e-16
2017-11-28,5.8,11.024642003707006,10.485714285714284,0.0,1.148864602055681e-15,0.0
2017-11-29,11.8,10.914041031611323,10.607142857142858,1.7958811128752616e-13,2.933127912343454e-16,7.59015848431552e-17
2017-11-30,9.9,10.805746225431541,10.592857142857143,0.0,2.1659514865395362e-16,6.578137353073459e-17
2017-12-01,7.7,10.699770851753023,10.342857142857143,0.0,1.4152062636619942e-16,0.0
2017-12-02,8.7,10.596126756612573,10.27142857142857,0.0,6.809761627878101e-17,0.0
2017-12-03,7.1,10.494824385088894,10.185714285714285,0.0,0.0,0.0
2017-12-04,6.2,10.39587280214945,10.014285714285716,0.0,0.0,0.0
2017-12-05,5.1,10.299279714719063,9.542857142857143,0.0,0.0,0.0
2017-12-06,5.8,10.205051494934116,9.042857142857143,0.0,0.0,0.0
2017-12-07,9.2,10.113193204546006,8.807142857142857,0.0,0.0,0.0
2017-12-08,11.9,10.023708620434563,8.735714285714286,2.3395806659970325e-13,0.0,0.0
2017-12-09,8.3,9.93660026119265,8.285714285714286,0.0,0.0,0.0
2017-12-10,5.3,9.851869414740957,7.828571428571428,0.0,0.0,0.0
2017-12-11,14.2,9.769516166931185,8.357142857142858,1.4116556091855024e-07,0.0,0.0
2017-12-12,14.9,9.689539431095335,9.007142857142856,1.8318978827539285e-06,0.0,0.0
2017-12-13,11.1,9.611936978496598,8.957142857142857,3.579014986946551e-15,0.0,0.0
2017-12-14,11.9,9.536705469637846,9.1,2.3395806659970325e-13,0.0,0.0
2017-12-15,13.1,9.463840486381821,9.485714285714284,6.847587458866646e-10,0.0,0.0
2017-12-16,9.1,9.393336564836678,9.514285714285716,0.0,0.0,0.0
2017-12-17,5.0,9.325187228960145,9.364285714285714,0.0,0.0,0.0
2017-12-18,4.0,9.259385024833895,9.207142857142857,0.0,0.0,0.0
2017-12-19,2.8,9.195921555560174,9.042857142857143,0.0,0.0,0.0
2017-12-20,2.3,9.134787516731585,8.792857142857143,0.0,0.0,0.0
2017-12-21,3.7,9.075972732424066,8.4,0.0,0.0,0.0
2017-12-22,6.7,9.019466191663888,8.028571428571428,0.0,0.0,0.0
2017-12-23,8.8,8.965256085317439,8.064285714285713,0.0,0.0,0.0
2017-12-24,7.3,8.913329843353608,8.207142857142857,0.0,0.0,0.0
2017-12-25,6.7,8.863674172427581,7.671428571428571,0.0,0.0,0.0
2017-12-26,10.3,8.816275093734795,7.342857142857143,0.0,0.0,0.0
2017-12-27,11.0,8.77111798108396,7.335714285714286,3.542073959347226e-16,0.0,0.0
2017-12-28,7.0,8.728187599137371,6.985714285714287,0.0,0.0,0.0
2017-12-29,4.3,8.687468141767281,6.357142857142857,0.0,0.0,0.0
2017-12-30,6.8,8.648943270476899,6.192857142857143,0.0,0.0,0.0
2017-12-31,9.7,8.61259615283456,6.528571428571429,0.0,0.0,0.0
